best point \u0026quot jab schools mei jobs mei caste system h toh marriages mei bhi hoga \u0026quot crime patrol showed reality people still caste marriage shitty caste system everywhere even jobs schools colleges\u003cbr /\u003eand india wont free curse caste till caste system gets completely removed every place oppose reservation see people defending get reservation like jaat aarakshan etc thats show shitty society still today,8
best point \u0026quot jab schools mei jobs mei caste system h toh marriages mei bhi hoga \u0026quot crime patrol showed reality people still caste marriage shitty caste system everywhere even jobs schools colleges\u003cbr /\u003eand india wont free curse caste till caste system gets completely removed every place oppose reservation see people defending get reservation like jaat aarakshan etc thats show shitty society still today,8
yahan sab larki ko bura keh rahe hain lakin log bhool gae k plan aik mard ka tha jo apni bv ko bhi dhoka dey raha tha aur prosion ko bhi agar wo chahta lrki itna aagey nhi barhti,12
best point \u0026quot jab schools mei jobs mei caste system h toh marriages mei bhi hoga \u0026quot crime patrol showed reality people still caste marriage shitty caste system everywhere even jobs schools colleges\u003cbr /\u003eand india wont free curse caste till caste system gets completely removed every place oppose reservation see people defending get reservation like jaat aarakshan etc thats show shitty society still today,8
yahan sab larki ko bura keh rahe hain lakin log bhool gae k plan aik mard ka tha jo apni bv ko bhi dhoka dey raha tha aur prosion ko bhi agar wo chahta lrki itna aagey nhi barhti,12
best point \u0026quot jab schools mei jobs mei caste system h toh marriages mei bhi hoga \u0026quot crime patrol showed reality people still caste marriage shitty caste system everywhere even jobs schools colleges\u003cbr /\u003eand india wont free curse caste till caste system gets completely removed every place oppose reservation see people defending get reservation like jaat aarakshan etc thats show shitty society still today,8
yahan sab larki ko bura keh rahe hain lakin log bhool gae k plan aik mard ka tha jo apni bv ko bhi dhoka dey raha tha aur prosion ko bhi agar wo chahta lrki itna aagey nhi barhti,12
best point \u0026quot jab schools mei jobs mei caste system h toh marriages mei bhi hoga \u0026quot crime patrol showed reality people still caste marriage shitty caste system everywhere even jobs schools colleges\u003cbr /\u003eand india wont free curse caste till caste system gets completely removed every place oppose reservation see people defending get reservation like jaat aarakshan etc thats show shitty society still today,8
yahan sab larki ko bura keh rahe hain lakin log bhool gae k plan aik mard ka tha jo apni bv ko bhi dhoka dey raha tha aur prosion ko bhi agar wo chahta lrki itna aagey nhi barhti,12
best point \u0026quot jab schools mei jobs mei caste system h toh marriages mei bhi hoga \u0026quot crime patrol showed reality people still caste marriage shitty caste system everywhere even jobs schools colleges\u003cbr /\u003eand india wont free curse caste till caste system gets completely removed every place oppose reservation see people defending get reservation like jaat aarakshan etc thats show shitty society still today,8
yahan sab larki ko bura keh rahe hain lakin log bhool gae k plan aik mard ka tha jo apni bv ko bhi dhoka dey raha tha aur prosion ko bhi agar wo chahta lrki itna aagey nhi barhti,12
best point \u0026quot jab schools mei jobs mei caste system h toh marriages mei bhi hoga \u0026quot crime patrol showed reality people still caste marriage shitty caste system everywhere even jobs schools colleges\u003cbr /\u003eand india wont free curse caste till caste system gets completely removed every place oppose reservation see people defending get reservation like jaat aarakshan etc thats show shitty society still today,8
yahan sab larki ko bura keh rahe hain lakin log bhool gae k plan aik mard ka tha jo apni bv ko bhi dhoka dey raha tha aur prosion ko bhi agar wo chahta lrki itna aagey nhi barhti,12
best point \u0026quot jab schools mei jobs mei caste system h toh marriages mei bhi hoga \u0026quot crime patrol showed reality people still caste marriage shitty caste system everywhere even jobs schools colleges\u003cbr /\u003eand india wont free curse caste till caste system gets completely removed every place oppose reservation see people defending get reservation like jaat aarakshan etc thats show shitty society still today,8
yahan sab larki ko bura keh rahe hain lakin log bhool gae k plan aik mard ka tha jo apni bv ko bhi dhoka dey raha tha aur prosion ko bhi agar wo chahta lrki itna aagey nhi barhti,12
best point \u0026quot jab schools mei jobs mei caste system h toh marriages mei bhi hoga \u0026quot crime patrol showed reality people still caste marriage shitty caste system everywhere even jobs schools colleges\u003cbr /\u003eand india wont free curse caste till caste system gets completely removed every place oppose reservation see people defending get reservation like jaat aarakshan etc thats show shitty society still today,8
yahan sab larki ko bura keh rahe hain lakin log bhool gae k plan aik mard ka tha jo apni bv ko bhi dhoka dey raha tha aur prosion ko bhi agar wo chahta lrki itna aagey nhi barhti,12
best point \u0026quot jab schools mei jobs mei caste system h toh marriages mei bhi hoga \u0026quot crime patrol showed reality people still caste marriage shitty caste system everywhere even jobs schools colleges\u003cbr /\u003eand india wont free curse caste till caste system gets completely removed every place oppose reservation see people defending get reservation like jaat aarakshan etc thats show shitty society still today,8
yahan sab larki ko bura keh rahe hain lakin log bhool gae k plan aik mard ka tha jo apni bv ko bhi dhoka dey raha tha aur prosion ko bhi agar wo chahta lrki itna aagey nhi barhti,12
best point \u0026quot jab schools mei jobs mei caste system h toh marriages mei bhi hoga \u0026quot crime patrol showed reality people still caste marriage shitty caste system everywhere even jobs schools colleges\u003cbr /\u003eand india wont free curse caste till caste system gets completely removed every place oppose reservation see people defending get reservation like jaat aarakshan etc thats show shitty society still today,8
yahan sab larki ko bura keh rahe hain lakin log bhool gae k plan aik mard ka tha jo apni bv ko bhi dhoka dey raha tha aur prosion ko bhi agar wo chahta lrki itna aagey nhi barhti,12
best point \u0026quot jab schools mei jobs mei caste system h toh marriages mei bhi hoga \u0026quot crime patrol showed reality people still caste marriage shitty caste system everywhere even jobs schools colleges\u003cbr /\u003eand india wont free curse caste till caste system gets completely removed every place oppose reservation see people defending get reservation like jaat aarakshan etc thats show shitty society still today,8
yahan sab larki ko bura keh rahe hain lakin log bhool gae k plan aik mard ka tha jo apni bv ko bhi dhoka dey raha tha aur prosion ko bhi agar wo chahta lrki itna aagey nhi barhti,12
yar ye 716 aur 672 larko ke name kia hayn 716 muslim bana hay aur 762 2 se jo ak hay plz kisi ko maloom hay,7
best point \u0026quot jab schools mei jobs mei caste system h toh marriages mei bhi hoga \u0026quot crime patrol showed reality people still caste marriage shitty caste system everywhere even jobs schools colleges\u003cbr /\u003eand india wont free curse caste till caste system gets completely removed every place oppose reservation see people defending get reservation like jaat aarakshan etc thats show shitty society still today,8
yahan sab larki ko bura keh rahe hain lakin log bhool gae k plan aik mard ka tha jo apni bv ko bhi dhoka dey raha tha aur prosion ko bhi agar wo chahta lrki itna aagey nhi barhti,12
yar ye 716 aur 672 larko ke name kia hayn 716 muslim bana hay aur 762 2 se jo ak hay plz kisi ko maloom hay,7
best point \u0026quot jab schools mei jobs mei caste system h toh marriages mei bhi hoga \u0026quot crime patrol showed reality people still caste marriage shitty caste system everywhere even jobs schools colleges\u003cbr /\u003eand india wont free curse caste till caste system gets completely removed every place oppose reservation see people defending get reservation like jaat aarakshan etc thats show shitty society still today,8
yahan sab larki ko bura keh rahe hain lakin log bhool gae k plan aik mard ka tha jo apni bv ko bhi dhoka dey raha tha aur prosion ko bhi agar wo chahta lrki itna aagey nhi barhti,12
yar ye 716 aur 672 larko ke name kia hayn 716 muslim bana hay aur 762 2 se jo ak hay plz kisi ko maloom hay,7
best point \u0026quot jab schools mei jobs mei caste system h toh marriages mei bhi hoga \u0026quot crime patrol showed reality people still caste marriage shitty caste system everywhere even jobs schools colleges\u003cbr /\u003eand india wont free curse caste till caste system gets completely removed every place oppose reservation see people defending get reservation like jaat aarakshan etc thats show shitty society still today,8
yahan sab larki ko bura keh rahe hain lakin log bhool gae k plan aik mard ka tha jo apni bv ko bhi dhoka dey raha tha aur prosion ko bhi agar wo chahta lrki itna aagey nhi barhti,12
yar ye 716 aur 672 larko ke name kia hayn 716 muslim bana hay aur 762 2 se jo ak hay plz kisi ko maloom hay,7
best point \u0026quot jab schools mei jobs mei caste system h toh marriages mei bhi hoga \u0026quot crime patrol showed reality people still caste marriage shitty caste system everywhere even jobs schools colleges\u003cbr /\u003eand india wont free curse caste till caste system gets completely removed every place oppose reservation see people defending get reservation like jaat aarakshan etc thats show shitty society still today,8
yahan sab larki ko bura keh rahe hain lakin log bhool gae k plan aik mard ka tha jo apni bv ko bhi dhoka dey raha tha aur prosion ko bhi agar wo chahta lrki itna aagey nhi barhti,12
yar ye 716 aur 672 larko ke name kia hayn 716 muslim bana hay aur 762 2 se jo ak hay plz kisi ko maloom hay,7
best point \u0026quot jab schools mei jobs mei caste system h toh marriages mei bhi hoga \u0026quot crime patrol showed reality people still caste marriage shitty caste system everywhere even jobs schools colleges\u003cbr /\u003eand india wont free curse caste till caste system gets completely removed every place oppose reservation see people defending get reservation like jaat aarakshan etc thats show shitty society still today,8
yahan sab larki ko bura keh rahe hain lakin log bhool gae k plan aik mard ka tha jo apni bv ko bhi dhoka dey raha tha aur prosion ko bhi agar wo chahta lrki itna aagey nhi barhti,12
yar ye 716 aur 672 larko ke name kia hayn 716 muslim bana hay aur 762 2 se jo ak hay plz kisi ko maloom hay,7
best point \u0026quot jab schools mei jobs mei caste system h toh marriages mei bhi hoga \u0026quot crime patrol showed reality people still caste marriage shitty caste system everywhere even jobs schools colleges\u003cbr /\u003eand india wont free curse caste till caste system gets completely removed every place oppose reservation see people defending get reservation like jaat aarakshan etc thats show shitty society still today,8
yahan sab larki ko bura keh rahe hain lakin log bhool gae k plan aik mard ka tha jo apni bv ko bhi dhoka dey raha tha aur prosion ko bhi agar wo chahta lrki itna aagey nhi barhti,12
yar ye 716 aur 672 larko ke name kia hayn 716 muslim bana hay aur 762 2 se jo ak hay plz kisi ko maloom hay,7
best point \u0026quot jab schools mei jobs mei caste system h toh marriages mei bhi hoga \u0026quot crime patrol showed reality people still caste marriage shitty caste system everywhere even jobs schools colleges\u003cbr /\u003eand india wont free curse caste till caste system gets completely removed every place oppose reservation see people defending get reservation like jaat aarakshan etc thats show shitty society still today,8
yahan sab larki ko bura keh rahe hain lakin log bhool gae k plan aik mard ka tha jo apni bv ko bhi dhoka dey raha tha aur prosion ko bhi agar wo chahta lrki itna aagey nhi barhti,12
yar ye 716 aur 672 larko ke name kia hayn 716 muslim bana hay aur 762 2 se jo ak hay plz kisi ko maloom hay,7
A young girl die bloody two people come rape let girl dying Which religion society community ethics sex young girl let die Marnay Saali ko What bad dirty minds raped almost dead girl I Medical Doctor I know best euphoria I ever got saving life How could men fall prefered 3 5 mints enjoyment sex almost dead young girl saving life Uffffffffffffff I think even animal another animal his/her species Those two let head though I\u0026#39 Hindu neither Indian I thinking Pakistani mind neither Muslim mind purely human India leading No 01 No 02 list countries rape cases reported WORLD For God sake human 1st comes religion country community society etc,8
A young girl die bloody two people come rape let girl dying Which religion society community ethics sex young girl let die Marnay Saali ko What bad dirty minds raped almost dead girl I Medical Doctor I know best euphoria I ever got saving life How could men fall prefered 3 5 mints enjoyment sex almost dead young girl saving life Uffffffffffffff I think even animal another animal his/her species Those two let head though I\u0026#39 Hindu neither Indian I thinking Pakistani mind neither Muslim mind purely human India leading No 01 No 02 list countries rape cases reported WORLD For God sake human 1st comes religion country community society etc,8
A young girl die bloody two people come rape let girl dying Which religion society community ethics sex young girl let die Marnay Saali ko What bad dirty minds raped almost dead girl I Medical Doctor I know best euphoria I ever got saving life How could men fall prefered 3 5 mints enjoyment sex almost dead young girl saving life Uffffffffffffff I think even animal another animal his/her species Those two let head though I\u0026#39 Hindu neither Indian I thinking Pakistani mind neither Muslim mind purely human India leading No 01 No 02 list countries rape cases reported WORLD For God sake human 1st comes religion country community society etc,8
A young girl die bloody two people come rape let girl dying Which religion society community ethics sex young girl let die Marnay Saali ko What bad dirty minds raped almost dead girl I Medical Doctor I know best euphoria I ever got saving life How could men fall prefered 3 5 mints enjoyment sex almost dead young girl saving life Uffffffffffffff I think even animal another animal his/her species Those two let head though I\u0026#39 Hindu neither Indian I thinking Pakistani mind neither Muslim mind purely human India leading No 01 No 02 list countries rape cases reported WORLD For God sake human 1st comes religion country community society etc,8
A young girl die bloody two people come rape let girl dying Which religion society community ethics sex young girl let die Marnay Saali ko What bad dirty minds raped almost dead girl I Medical Doctor I know best euphoria I ever got saving life How could men fall prefered 3 5 mints enjoyment sex almost dead young girl saving life Uffffffffffffff I think even animal another animal his/her species Those two let head though I\u0026#39 Hindu neither Indian I thinking Pakistani mind neither Muslim mind purely human India leading No 01 No 02 list countries rape cases reported WORLD For God sake human 1st comes religion country community society etc,8
A young girl die bloody two people come rape let girl dying Which religion society community ethics sex young girl let die Marnay Saali ko What bad dirty minds raped almost dead girl I Medical Doctor I know best euphoria I ever got saving life How could men fall prefered 3 5 mints enjoyment sex almost dead young girl saving life Uffffffffffffff I think even animal another animal his/her species Those two let head though I\u0026#39 Hindu neither Indian I thinking Pakistani mind neither Muslim mind purely human India leading No 01 No 02 list countries rape cases reported WORLD For God sake human 1st comes religion country community society etc,8
A young girl die bloody two people come rape let girl dying Which religion society community ethics sex young girl let die Marnay Saali ko What bad dirty minds raped almost dead girl I Medical Doctor I know best euphoria I ever got saving life How could men fall prefered 3 5 mints enjoyment sex almost dead young girl saving life Uffffffffffffff I think even animal another animal his/her species Those two let head though I\u0026#39 Hindu neither Indian I thinking Pakistani mind neither Muslim mind purely human India leading No 01 No 02 list countries rape cases reported WORLD For God sake human 1st comes religion country community society etc,8
A young girl die bloody two people come rape let girl dying Which religion society community ethics sex young girl let die Marnay Saali ko What bad dirty minds raped almost dead girl I Medical Doctor I know best euphoria I ever got saving life How could men fall prefered 3 5 mints enjoyment sex almost dead young girl saving life Uffffffffffffff I think even animal another animal his/her species Those two let head though I\u0026#39 Hindu neither Indian I thinking Pakistani mind neither Muslim mind purely human India leading No 01 No 02 list countries rape cases reported WORLD For God sake human 1st comes religion country community society etc,8
A young girl die bloody two people come rape let girl dying Which religion society community ethics sex young girl let die Marnay Saali ko What bad dirty minds raped almost dead girl I Medical Doctor I know best euphoria I ever got saving life How could men fall prefered 3 5 mints enjoyment sex almost dead young girl saving life Uffffffffffffff I think even animal another animal his/her species Those two let head though I\u0026#39 Hindu neither Indian I thinking Pakistani mind neither Muslim mind purely human India leading No 01 No 02 list countries rape cases reported WORLD For God sake human 1st comes religion country community society etc,8
A young girl die bloody two people come rape let girl dying Which religion society community ethics sex young girl let die Marnay Saali ko What bad dirty minds raped almost dead girl I Medical Doctor I know best euphoria I ever got saving life How could men fall prefered 3 5 mints enjoyment sex almost dead young girl saving life Uffffffffffffff I think even animal another animal his/her species Those two let head though I\u0026#39 Hindu neither Indian I thinking Pakistani mind neither Muslim mind purely human India leading No 01 No 02 list countries rape cases reported WORLD For God sake human 1st comes religion country community society etc,8
A young girl die bloody two people come rape let girl dying Which religion society community ethics sex young girl let die Marnay Saali ko What bad dirty minds raped almost dead girl I Medical Doctor I know best euphoria I ever got saving life How could men fall prefered 3 5 mints enjoyment sex almost dead young girl saving life Uffffffffffffff I think even animal another animal his/her species Those two let head though I\u0026#39 Hindu neither Indian I thinking Pakistani mind neither Muslim mind purely human India leading No 01 No 02 list countries rape cases reported WORLD For God sake human 1st comes religion country community society etc,8
A young girl die bloody two people come rape let girl dying Which religion society community ethics sex young girl let die Marnay Saali ko What bad dirty minds raped almost dead girl I Medical Doctor I know best euphoria I ever got saving life How could men fall prefered 3 5 mints enjoyment sex almost dead young girl saving life Uffffffffffffff I think even animal another animal his/her species Those two let head though I\u0026#39 Hindu neither Indian I thinking Pakistani mind neither Muslim mind purely human India leading No 01 No 02 list countries rape cases reported WORLD For God sake human 1st comes religion country community society etc,8
A young girl die bloody two people come rape let girl dying Which religion society community ethics sex young girl let die Marnay Saali ko What bad dirty minds raped almost dead girl I Medical Doctor I know best euphoria I ever got saving life How could men fall prefered 3 5 mints enjoyment sex almost dead young girl saving life Uffffffffffffff I think even animal another animal his/her species Those two let head though I\u0026#39 Hindu neither Indian I thinking Pakistani mind neither Muslim mind purely human India leading No 01 No 02 list countries rape cases reported WORLD For God sake human 1st comes religion country community society etc,8
A young girl die bloody two people come rape let girl dying Which religion society community ethics sex young girl let die Marnay Saali ko What bad dirty minds raped almost dead girl I Medical Doctor I know best euphoria I ever got saving life How could men fall prefered 3 5 mints enjoyment sex almost dead young girl saving life Uffffffffffffff I think even animal another animal his/her species Those two let head though I\u0026#39 Hindu neither Indian I thinking Pakistani mind neither Muslim mind purely human India leading No 01 No 02 list countries rape cases reported WORLD For God sake human 1st comes religion country community society etc,8
A young girl die bloody two people come rape let girl dying Which religion society community ethics sex young girl let die Marnay Saali ko What bad dirty minds raped almost dead girl I Medical Doctor I know best euphoria I ever got saving life How could men fall prefered 3 5 mints enjoyment sex almost dead young girl saving life Uffffffffffffff I think even animal another animal his/her species Those two let head though I\u0026#39 Hindu neither Indian I thinking Pakistani mind neither Muslim mind purely human India leading No 01 No 02 list countries rape cases reported WORLD For God sake human 1st comes religion country community society etc,8
A young girl die bloody two people come rape let girl dying Which religion society community ethics sex young girl let die Marnay Saali ko What bad dirty minds raped almost dead girl I Medical Doctor I know best euphoria I ever got saving life How could men fall prefered 3 5 mints enjoyment sex almost dead young girl saving life Uffffffffffffff I think even animal another animal his/her species Those two let head though I\u0026#39 Hindu neither Indian I thinking Pakistani mind neither Muslim mind purely human India leading No 01 No 02 list countries rape cases reported WORLD For God sake human 1st comes religion country community society etc,8
delhi kahte hain crime jayada hai aur bombay bahut kum yahan raat bhi jaagti hai etc par crime patrol maharashtra gujrat jagah k sabse jayada case hain,8
delhi kahte hain crime jayada hai aur bombay bahut kum yahan raat bhi jaagti hai etc par crime patrol maharashtra gujrat jagah k sabse jayada case hain,8
delhi kahte hain crime jayada hai aur bombay bahut kum yahan raat bhi jaagti hai etc par crime patrol maharashtra gujrat jagah k sabse jayada case hain,8
delhi kahte hain crime jayada hai aur bombay bahut kum yahan raat bhi jaagti hai etc par crime patrol maharashtra gujrat jagah k sabse jayada case hain,8
delhi kahte hain crime jayada hai aur bombay bahut kum yahan raat bhi jaagti hai etc par crime patrol maharashtra gujrat jagah k sabse jayada case hain,8
delhi kahte hain crime jayada hai aur bombay bahut kum yahan raat bhi jaagti hai etc par crime patrol maharashtra gujrat jagah k sabse jayada case hain,8
delhi kahte hain crime jayada hai aur bombay bahut kum yahan raat bhi jaagti hai etc par crime patrol maharashtra gujrat jagah k sabse jayada case hain,8
delhi kahte hain crime jayada hai aur bombay bahut kum yahan raat bhi jaagti hai etc par crime patrol maharashtra gujrat jagah k sabse jayada case hain,8
delhi kahte hain crime jayada hai aur bombay bahut kum yahan raat bhi jaagti hai etc par crime patrol maharashtra gujrat jagah k sabse jayada case hain,8
delhi kahte hain crime jayada hai aur bombay bahut kum yahan raat bhi jaagti hai etc par crime patrol maharashtra gujrat jagah k sabse jayada case hain,8
delhi kahte hain crime jayada hai aur bombay bahut kum yahan raat bhi jaagti hai etc par crime patrol maharashtra gujrat jagah k sabse jayada case hain,8
bhai koi anoop soni ko dhundo yaar MIL nhi rhe hain ha Case Kay charge sanjeev tyagi ko hi Dena ,8
bhai koi anoop soni ko dhundo yaar MIL nhi rhe hain ha Case Kay charge sanjeev tyagi ko hi Dena ,8
bhai koi anoop soni ko dhundo yaar MIL nhi rhe hain ha Case Kay charge sanjeev tyagi ko hi Dena ,8
bhai koi anoop soni ko dhundo yaar MIL nhi rhe hain ha Case Kay charge sanjeev tyagi ko hi Dena ,8
bhai koi anoop soni ko dhundo yaar MIL nhi rhe hain ha Case Kay charge sanjeev tyagi ko hi Dena ,8
bhai koi anoop soni ko dhundo yaar MIL nhi rhe hain ha Case Kay charge sanjeev tyagi ko hi Dena ,8
bhai koi anoop soni ko dhundo yaar MIL nhi rhe hain ha Case Kay charge sanjeev tyagi ko hi Dena ,8
bhai koi anoop soni ko dhundo yaar MIL nhi rhe hain ha Case Kay charge sanjeev tyagi ko hi Dena ,8
bhai koi anoop soni ko dhundo yaar MIL nhi rhe hain ha Case Kay charge sanjeev tyagi ko hi Dena ,8
bhai koi anoop soni ko dhundo yaar MIL nhi rhe hain ha Case Kay charge sanjeev tyagi ko hi Dena ,8
bhai koi anoop soni ko dhundo yaar MIL nhi rhe hain ha Case Kay charge sanjeev tyagi ko hi Dena ,8
aur yeh inspector sab ki bohat zabardast acting hai,7
aur yeh inspector sab ki bohat zabardast acting hai,7
aur yeh inspector sab ki bohat zabardast acting hai,7
aur yeh inspector sab ki bohat zabardast acting hai,7
aur yeh inspector sab ki bohat zabardast acting hai,7
aur yeh inspector sab ki bohat zabardast acting hai,7
aur yeh inspector sab ki bohat zabardast acting hai,7
aur yeh inspector sab ki bohat zabardast acting hai,7
aur yeh inspector sab ki bohat zabardast acting hai,7
aur yeh inspector sab ki bohat zabardast acting hai,7
aur yeh inspector sab ki bohat zabardast acting hai,7
Kay Ajeeb log hain \u003cbr /\u003ekya Police \u003cbr /\u003eC D I \u003cbr /\u003eC B I Aur Crime police \u003cbr /\u003eReal mein Asli Mujreem \u003cbr /\u003eko pakde toh \u003cbr /\u003eAaj desh mein Gonda \u003cbr /\u003eRaaj na hota \u003cbr /\u003eBade Neta Aur Mantry \u003cbr /\u003ekya kar rahay hain \u003cbr /\u003eQatil aur khooni Desh \u003cbr /\u003epar Raaj kar rahay hain \u003cbr /\u003eQanoon Insaaf aur \u003cbr /\u003eAdalat Judge \u003cbr /\u003ekhamoiah Tamasha dekh \u003cbr /\u003erahay hain,8
aur yeh inspector sab ki bohat zabardast acting hai,7
Kay Ajeeb log hain \u003cbr /\u003ekya Police \u003cbr /\u003eC D I \u003cbr /\u003eC B I Aur Crime police \u003cbr /\u003eReal mein Asli Mujreem \u003cbr /\u003eko pakde toh \u003cbr /\u003eAaj desh mein Gonda \u003cbr /\u003eRaaj na hota \u003cbr /\u003eBade Neta Aur Mantry \u003cbr /\u003ekya kar rahay hain \u003cbr /\u003eQatil aur khooni Desh \u003cbr /\u003epar Raaj kar rahay hain \u003cbr /\u003eQanoon Insaaf aur \u003cbr /\u003eAdalat Judge \u003cbr /\u003ekhamoiah Tamasha dekh \u003cbr /\u003erahay hain,8
aur yeh inspector sab ki bohat zabardast acting hai,7
Kay Ajeeb log hain \u003cbr /\u003ekya Police \u003cbr /\u003eC D I \u003cbr /\u003eC B I Aur Crime police \u003cbr /\u003eReal mein Asli Mujreem \u003cbr /\u003eko pakde toh \u003cbr /\u003eAaj desh mein Gonda \u003cbr /\u003eRaaj na hota \u003cbr /\u003eBade Neta Aur Mantry \u003cbr /\u003ekya kar rahay hain \u003cbr /\u003eQatil aur khooni Desh \u003cbr /\u003epar Raaj kar rahay hain \u003cbr /\u003eQanoon Insaaf aur \u003cbr /\u003eAdalat Judge \u003cbr /\u003ekhamoiah Tamasha dekh \u003cbr /\u003erahay hain,8
aur yeh inspector sab ki bohat zabardast acting hai,7
Kay Ajeeb log hain \u003cbr /\u003ekya Police \u003cbr /\u003eC D I \u003cbr /\u003eC B I Aur Crime police \u003cbr /\u003eReal mein Asli Mujreem \u003cbr /\u003eko pakde toh \u003cbr /\u003eAaj desh mein Gonda \u003cbr /\u003eRaaj na hota \u003cbr /\u003eBade Neta Aur Mantry \u003cbr /\u003ekya kar rahay hain \u003cbr /\u003eQatil aur khooni Desh \u003cbr /\u003epar Raaj kar rahay hain \u003cbr /\u003eQanoon Insaaf aur \u003cbr /\u003eAdalat Judge \u003cbr /\u003ekhamoiah Tamasha dekh \u003cbr /\u003erahay hain,8
aur yeh inspector sab ki bohat zabardast acting hai,7
Kay Ajeeb log hain \u003cbr /\u003ekya Police \u003cbr /\u003eC D I \u003cbr /\u003eC B I Aur Crime police \u003cbr /\u003eReal mein Asli Mujreem \u003cbr /\u003eko pakde toh \u003cbr /\u003eAaj desh mein Gonda \u003cbr /\u003eRaaj na hota \u003cbr /\u003eBade Neta Aur Mantry \u003cbr /\u003ekya kar rahay hain \u003cbr /\u003eQatil aur khooni Desh \u003cbr /\u003epar Raaj kar rahay hain \u003cbr /\u003eQanoon Insaaf aur \u003cbr /\u003eAdalat Judge \u003cbr /\u003ekhamoiah Tamasha dekh \u003cbr /\u003erahay hain,8
yeh kia chakr h hr dosri larki rape ho kr ghr chli ati hn kitni gira hue h log ajeeb hn india wale bhi jis ko dakho rape rape rape,9
yeh kia chakr h hr dosri larki rape ho kr ghr chli ati hn kitni gira hue h log ajeeb hn india wale bhi jis ko dakho rape rape rape,9
yeh kia chakr h hr dosri larki rape ho kr ghr chli ati hn kitni gira hue h log ajeeb hn india wale bhi jis ko dakho rape rape rape,9
yeh kia chakr h hr dosri larki rape ho kr ghr chli ati hn kitni gira hue h log ajeeb hn india wale bhi jis ko dakho rape rape rape,9
yeh kia chakr h hr dosri larki rape ho kr ghr chli ati hn kitni gira hue h log ajeeb hn india wale bhi jis ko dakho rape rape rape,9
yeh kia chakr h hr dosri larki rape ho kr ghr chli ati hn kitni gira hue h log ajeeb hn india wale bhi jis ko dakho rape rape rape,9
yeh kia chakr h hr dosri larki rape ho kr ghr chli ati hn kitni gira hue h log ajeeb hn india wale bhi jis ko dakho rape rape rape,9
yeh kia chakr h hr dosri larki rape ho kr ghr chli ati hn kitni gira hue h log ajeeb hn india wale bhi jis ko dakho rape rape rape,9
yeh kia chakr h hr dosri larki rape ho kr ghr chli ati hn kitni gira hue h log ajeeb hn india wale bhi jis ko dakho rape rape rape,9
yeh kia chakr h hr dosri larki rape ho kr ghr chli ati hn kitni gira hue h log ajeeb hn india wale bhi jis ko dakho rape rape rape,9
yeh kia chakr h hr dosri larki rape ho kr ghr chli ati hn kitni gira hue h log ajeeb hn india wale bhi jis ko dakho rape rape rape,9
yeh kia chakr h hr dosri larki rape ho kr ghr chli ati hn kitni gira hue h log ajeeb hn india wale bhi jis ko dakho rape rape rape,9
yeh kia chakr h hr dosri larki rape ho kr ghr chli ati hn kitni gira hue h log ajeeb hn india wale bhi jis ko dakho rape rape rape,9
yeh kia chakr h hr dosri larki rape ho kr ghr chli ati hn kitni gira hue h log ajeeb hn india wale bhi jis ko dakho rape rape rape,9
yeh kia chakr h hr dosri larki rape ho kr ghr chli ati hn kitni gira hue h log ajeeb hn india wale bhi jis ko dakho rape rape rape,9
yeh kia chakr h hr dosri larki rape ho kr ghr chli ati hn kitni gira hue h log ajeeb hn india wale bhi jis ko dakho rape rape rape,9
yeh kia chakr h hr dosri larki rape ho kr ghr chli ati hn kitni gira hue h log ajeeb hn india wale bhi jis ko dakho rape rape rape,9
yeh kia chakr h hr dosri larki rape ho kr ghr chli ati hn kitni gira hue h log ajeeb hn india wale bhi jis ko dakho rape rape rape,9
yeh kia chakr h hr dosri larki rape ho kr ghr chli ati hn kitni gira hue h log ajeeb hn india wale bhi jis ko dakho rape rape rape,9
yeh kia chakr h hr dosri larki rape ho kr ghr chli ati hn kitni gira hue h log ajeeb hn india wale bhi jis ko dakho rape rape rape,9
bhai koi toh real story send karo please \u003cbr /\u003eyeh case kidar ka hai,7
bhai koi toh real story send karo please \u003cbr /\u003eyeh case kidar ka hai,7
bhai koi toh real story send karo please \u003cbr /\u003eyeh case kidar ka hai,7
bhai koi toh real story send karo please \u003cbr /\u003eyeh case kidar ka hai,7
bhai koi toh real story send karo please \u003cbr /\u003eyeh case kidar ka hai,7
bhai koi toh real story send karo please \u003cbr /\u003eyeh case kidar ka hai,7
bhai koi toh real story send karo please \u003cbr /\u003eyeh case kidar ka hai,7
bhai koi toh real story send karo please \u003cbr /\u003eyeh case kidar ka hai,7
bhai koi toh real story send karo please \u003cbr /\u003eyeh case kidar ka hai,7
bhai koi toh real story send karo please \u003cbr /\u003eyeh case kidar ka hai,7
bhai koi toh real story send karo please \u003cbr /\u003eyeh case kidar ka hai,7
bhai koi toh real story send karo please \u003cbr /\u003eyeh case kidar ka hai,7
bhai koi toh real story send karo please \u003cbr /\u003eyeh case kidar ka hai,7
bhai koi toh real story send karo please \u003cbr /\u003eyeh case kidar ka hai,7
bhai koi toh real story send karo please \u003cbr /\u003eyeh case kidar ka hai,7
bhai koi toh real story send karo please \u003cbr /\u003eyeh case kidar ka hai,7
bhai koi toh real story send karo please \u003cbr /\u003eyeh case kidar ka hai,7
Sir \u003cbr /\u003eAaj Desh mein har Taraf \u003cbr /\u003eCrime ho rahay hain \u003cbr /\u003eKya iss ki Rok tham \u003cbr /\u003ehogi \u003cbr /\u003eBade Neta Leadar Be khoof ho kar Zurm kar \u003cbr /\u003erahay hain \u003cbr /\u003eKya Crime Branch badi \u003cbr /\u003eMachhli ko bhi Pakadti \u003cbr /\u003ehai Ya T V channels aur \u003cbr /\u003eMedia Walon ki tarah \u003cbr /\u003epaise kha kar Files bandh \u003cbr /\u003ekar deti hai,9
Sir \u003cbr /\u003eAaj Desh mein har Taraf \u003cbr /\u003eCrime ho rahay hain \u003cbr /\u003eKya iss ki Rok tham \u003cbr /\u003ehogi \u003cbr /\u003eBade Neta Leadar Be khoof ho kar Zurm kar \u003cbr /\u003erahay hain \u003cbr /\u003eKya Crime Branch badi \u003cbr /\u003eMachhli ko bhi Pakadti \u003cbr /\u003ehai Ya T V channels aur \u003cbr /\u003eMedia Walon ki tarah \u003cbr /\u003epaise kha kar Files bandh \u003cbr /\u003ekar deti hai,9
Sir \u003cbr /\u003eAaj Desh mein har Taraf \u003cbr /\u003eCrime ho rahay hain \u003cbr /\u003eKya iss ki Rok tham \u003cbr /\u003ehogi \u003cbr /\u003eBade Neta Leadar Be khoof ho kar Zurm kar \u003cbr /\u003erahay hain \u003cbr /\u003eKya Crime Branch badi \u003cbr /\u003eMachhli ko bhi Pakadti \u003cbr /\u003ehai Ya T V channels aur \u003cbr /\u003eMedia Walon ki tarah \u003cbr /\u003epaise kha kar Files bandh \u003cbr /\u003ekar deti hai,9
Sir \u003cbr /\u003eAaj Desh mein har Taraf \u003cbr /\u003eCrime ho rahay hain \u003cbr /\u003eKya iss ki Rok tham \u003cbr /\u003ehogi \u003cbr /\u003eBade Neta Leadar Be khoof ho kar Zurm kar \u003cbr /\u003erahay hain \u003cbr /\u003eKya Crime Branch badi \u003cbr /\u003eMachhli ko bhi Pakadti \u003cbr /\u003ehai Ya T V channels aur \u003cbr /\u003eMedia Walon ki tarah \u003cbr /\u003epaise kha kar Files bandh \u003cbr /\u003ekar deti hai,9
Sir \u003cbr /\u003eAaj Desh mein har Taraf \u003cbr /\u003eCrime ho rahay hain \u003cbr /\u003eKya iss ki Rok tham \u003cbr /\u003ehogi \u003cbr /\u003eBade Neta Leadar Be khoof ho kar Zurm kar \u003cbr /\u003erahay hain \u003cbr /\u003eKya Crime Branch badi \u003cbr /\u003eMachhli ko bhi Pakadti \u003cbr /\u003ehai Ya T V channels aur \u003cbr /\u003eMedia Walon ki tarah \u003cbr /\u003epaise kha kar Files bandh \u003cbr /\u003ekar deti hai,9
Sir \u003cbr /\u003eAaj Desh mein har Taraf \u003cbr /\u003eCrime ho rahay hain \u003cbr /\u003eKya iss ki Rok tham \u003cbr /\u003ehogi \u003cbr /\u003eBade Neta Leadar Be khoof ho kar Zurm kar \u003cbr /\u003erahay hain \u003cbr /\u003eKya Crime Branch badi \u003cbr /\u003eMachhli ko bhi Pakadti \u003cbr /\u003ehai Ya T V channels aur \u003cbr /\u003eMedia Walon ki tarah \u003cbr /\u003epaise kha kar Files bandh \u003cbr /\u003ekar deti hai,9
sab se achi stories crime patrol dastak ki hoti hay dail 100 bus time pass hota hay per phir bhi rozzz dekhti hoon,7
Sir \u003cbr /\u003eAaj Desh mein har Taraf \u003cbr /\u003eCrime ho rahay hain \u003cbr /\u003eKya iss ki Rok tham \u003cbr /\u003ehogi \u003cbr /\u003eBade Neta Leadar Be khoof ho kar Zurm kar \u003cbr /\u003erahay hain \u003cbr /\u003eKya Crime Branch badi \u003cbr /\u003eMachhli ko bhi Pakadti \u003cbr /\u003ehai Ya T V channels aur \u003cbr /\u003eMedia Walon ki tarah \u003cbr /\u003epaise kha kar Files bandh \u003cbr /\u003ekar deti hai,9
sab se achi stories crime patrol dastak ki hoti hay dail 100 bus time pass hota hay per phir bhi rozzz dekhti hoon,7
Sir \u003cbr /\u003eAaj Desh mein har Taraf \u003cbr /\u003eCrime ho rahay hain \u003cbr /\u003eKya iss ki Rok tham \u003cbr /\u003ehogi \u003cbr /\u003eBade Neta Leadar Be khoof ho kar Zurm kar \u003cbr /\u003erahay hain \u003cbr /\u003eKya Crime Branch badi \u003cbr /\u003eMachhli ko bhi Pakadti \u003cbr /\u003ehai Ya T V channels aur \u003cbr /\u003eMedia Walon ki tarah \u003cbr /\u003epaise kha kar Files bandh \u003cbr /\u003ekar deti hai,9
sab se achi stories crime patrol dastak ki hoti hay dail 100 bus time pass hota hay per phir bhi rozzz dekhti hoon,7
Sir \u003cbr /\u003eAaj Desh mein har Taraf \u003cbr /\u003eCrime ho rahay hain \u003cbr /\u003eKya iss ki Rok tham \u003cbr /\u003ehogi \u003cbr /\u003eBade Neta Leadar Be khoof ho kar Zurm kar \u003cbr /\u003erahay hain \u003cbr /\u003eKya Crime Branch badi \u003cbr /\u003eMachhli ko bhi Pakadti \u003cbr /\u003ehai Ya T V channels aur \u003cbr /\u003eMedia Walon ki tarah \u003cbr /\u003epaise kha kar Files bandh \u003cbr /\u003ekar deti hai,9
sab se achi stories crime patrol dastak ki hoti hay dail 100 bus time pass hota hay per phir bhi rozzz dekhti hoon,7
Sir \u003cbr /\u003eAaj Desh mein har Taraf \u003cbr /\u003eCrime ho rahay hain \u003cbr /\u003eKya iss ki Rok tham \u003cbr /\u003ehogi \u003cbr /\u003eBade Neta Leadar Be khoof ho kar Zurm kar \u003cbr /\u003erahay hain \u003cbr /\u003eKya Crime Branch badi \u003cbr /\u003eMachhli ko bhi Pakadti \u003cbr /\u003ehai Ya T V channels aur \u003cbr /\u003eMedia Walon ki tarah \u003cbr /\u003epaise kha kar Files bandh \u003cbr /\u003ekar deti hai,9
sab se achi stories crime patrol dastak ki hoti hay dail 100 bus time pass hota hay per phir bhi rozzz dekhti hoon,7
Sir \u003cbr /\u003eAaj Desh mein har Taraf \u003cbr /\u003eCrime ho rahay hain \u003cbr /\u003eKya iss ki Rok tham \u003cbr /\u003ehogi \u003cbr /\u003eBade Neta Leadar Be khoof ho kar Zurm kar \u003cbr /\u003erahay hain \u003cbr /\u003eKya Crime Branch badi \u003cbr /\u003eMachhli ko bhi Pakadti \u003cbr /\u003ehai Ya T V channels aur \u003cbr /\u003eMedia Walon ki tarah \u003cbr /\u003epaise kha kar Files bandh \u003cbr /\u003ekar deti hai,9
sab se achi stories crime patrol dastak ki hoti hay dail 100 bus time pass hota hay per phir bhi rozzz dekhti hoon,7
Sir \u003cbr /\u003eAaj Desh mein har Taraf \u003cbr /\u003eCrime ho rahay hain \u003cbr /\u003eKya iss ki Rok tham \u003cbr /\u003ehogi \u003cbr /\u003eBade Neta Leadar Be khoof ho kar Zurm kar \u003cbr /\u003erahay hain \u003cbr /\u003eKya Crime Branch badi \u003cbr /\u003eMachhli ko bhi Pakadti \u003cbr /\u003ehai Ya T V channels aur \u003cbr /\u003eMedia Walon ki tarah \u003cbr /\u003epaise kha kar Files bandh \u003cbr /\u003ekar deti hai,9
sab se achi stories crime patrol dastak ki hoti hay dail 100 bus time pass hota hay per phir bhi rozzz dekhti hoon,7
Sir \u003cbr /\u003eAaj Desh mein har Taraf \u003cbr /\u003eCrime ho rahay hain \u003cbr /\u003eKya iss ki Rok tham \u003cbr /\u003ehogi \u003cbr /\u003eBade Neta Leadar Be khoof ho kar Zurm kar \u003cbr /\u003erahay hain \u003cbr /\u003eKya Crime Branch badi \u003cbr /\u003eMachhli ko bhi Pakadti \u003cbr /\u003ehai Ya T V channels aur \u003cbr /\u003eMedia Walon ki tarah \u003cbr /\u003epaise kha kar Files bandh \u003cbr /\u003ekar deti hai,9
sab se achi stories crime patrol dastak ki hoti hay dail 100 bus time pass hota hay per phir bhi rozzz dekhti hoon,7
Sir \u003cbr /\u003eAaj Desh mein har Taraf \u003cbr /\u003eCrime ho rahay hain \u003cbr /\u003eKya iss ki Rok tham \u003cbr /\u003ehogi \u003cbr /\u003eBade Neta Leadar Be khoof ho kar Zurm kar \u003cbr /\u003erahay hain \u003cbr /\u003eKya Crime Branch badi \u003cbr /\u003eMachhli ko bhi Pakadti \u003cbr /\u003ehai Ya T V channels aur \u003cbr /\u003eMedia Walon ki tarah \u003cbr /\u003epaise kha kar Files bandh \u003cbr /\u003ekar deti hai,9
sab se achi stories crime patrol dastak ki hoti hay dail 100 bus time pass hota hay per phir bhi rozzz dekhti hoon,7
Sir \u003cbr /\u003eAaj Desh mein har Taraf \u003cbr /\u003eCrime ho rahay hain \u003cbr /\u003eKya iss ki Rok tham \u003cbr /\u003ehogi \u003cbr /\u003eBade Neta Leadar Be khoof ho kar Zurm kar \u003cbr /\u003erahay hain \u003cbr /\u003eKya Crime Branch badi \u003cbr /\u003eMachhli ko bhi Pakadti \u003cbr /\u003ehai Ya T V channels aur \u003cbr /\u003eMedia Walon ki tarah \u003cbr /\u003epaise kha kar Files bandh \u003cbr /\u003ekar deti hai,9
sab se achi stories crime patrol dastak ki hoti hay dail 100 bus time pass hota hay per phir bhi rozzz dekhti hoon,7
Sir \u003cbr /\u003eAaj Desh mein har Taraf \u003cbr /\u003eCrime ho rahay hain \u003cbr /\u003eKya iss ki Rok tham \u003cbr /\u003ehogi \u003cbr /\u003eBade Neta Leadar Be khoof ho kar Zurm kar \u003cbr /\u003erahay hain \u003cbr /\u003eKya Crime Branch badi \u003cbr /\u003eMachhli ko bhi Pakadti \u003cbr /\u003ehai Ya T V channels aur \u003cbr /\u003eMedia Walon ki tarah \u003cbr /\u003epaise kha kar Files bandh \u003cbr /\u003ekar deti hai,9
sab se achi stories crime patrol dastak ki hoti hay dail 100 bus time pass hota hay per phir bhi rozzz dekhti hoon,7
sala isss actor ka naam kya ya sala bahuthhi harami hey sala everytime sala bachha wala auraat ko pataletta hey sala \u003cbr /\u003eeverytime watch part everytime every case first get close daughter son sala usko maa ki chaudleta hey sla aur koi kand karleta hey aur pharaar sala bahut hi kamina harami hey sala bache pati wala auraat ko kaise pahasakr gaand chaudna isko atta hey,11
sala isss actor ka naam kya ya sala bahuthhi harami hey sala everytime sala bachha wala auraat ko pataletta hey sala \u003cbr /\u003eeverytime watch part everytime every case first get close daughter son sala usko maa ki chaudleta hey sla aur koi kand karleta hey aur pharaar sala bahut hi kamina harami hey sala bache pati wala auraat ko kaise pahasakr gaand chaudna isko atta hey,11
dear Crime patrol director \u003cbr /\u003e\u003cbr /\u003eplease ap apne har episode Sanjeev Tyagi ko hi inspector cast kiya kro crime patrol dekhne ka maza dugna ho jata hai jab Sanjeev Tyagi ko dekhte hain,12
sala isss actor ka naam kya ya sala bahuthhi harami hey sala everytime sala bachha wala auraat ko pataletta hey sala \u003cbr /\u003eeverytime watch part everytime every case first get close daughter son sala usko maa ki chaudleta hey sla aur koi kand karleta hey aur pharaar sala bahut hi kamina harami hey sala bache pati wala auraat ko kaise pahasakr gaand chaudna isko atta hey,11
dear Crime patrol director \u003cbr /\u003e\u003cbr /\u003eplease ap apne har episode Sanjeev Tyagi ko hi inspector cast kiya kro crime patrol dekhne ka maza dugna ho jata hai jab Sanjeev Tyagi ko dekhte hain,12
sala isss actor ka naam kya ya sala bahuthhi harami hey sala everytime sala bachha wala auraat ko pataletta hey sala \u003cbr /\u003eeverytime watch part everytime every case first get close daughter son sala usko maa ki chaudleta hey sla aur koi kand karleta hey aur pharaar sala bahut hi kamina harami hey sala bache pati wala auraat ko kaise pahasakr gaand chaudna isko atta hey,11
dear Crime patrol director \u003cbr /\u003e\u003cbr /\u003eplease ap apne har episode Sanjeev Tyagi ko hi inspector cast kiya kro crime patrol dekhne ka maza dugna ho jata hai jab Sanjeev Tyagi ko dekhte hain,12
sala isss actor ka naam kya ya sala bahuthhi harami hey sala everytime sala bachha wala auraat ko pataletta hey sala \u003cbr /\u003eeverytime watch part everytime every case first get close daughter son sala usko maa ki chaudleta hey sla aur koi kand karleta hey aur pharaar sala bahut hi kamina harami hey sala bache pati wala auraat ko kaise pahasakr gaand chaudna isko atta hey,11
dear Crime patrol director \u003cbr /\u003e\u003cbr /\u003eplease ap apne har episode Sanjeev Tyagi ko hi inspector cast kiya kro crime patrol dekhne ka maza dugna ho jata hai jab Sanjeev Tyagi ko dekhte hain,12
sala isss actor ka naam kya ya sala bahuthhi harami hey sala everytime sala bachha wala auraat ko pataletta hey sala \u003cbr /\u003eeverytime watch part everytime every case first get close daughter son sala usko maa ki chaudleta hey sla aur koi kand karleta hey aur pharaar sala bahut hi kamina harami hey sala bache pati wala auraat ko kaise pahasakr gaand chaudna isko atta hey,11
dear Crime patrol director \u003cbr /\u003e\u003cbr /\u003eplease ap apne har episode Sanjeev Tyagi ko hi inspector cast kiya kro crime patrol dekhne ka maza dugna ho jata hai jab Sanjeev Tyagi ko dekhte hain,12
sala isss actor ka naam kya ya sala bahuthhi harami hey sala everytime sala bachha wala auraat ko pataletta hey sala \u003cbr /\u003eeverytime watch part everytime every case first get close daughter son sala usko maa ki chaudleta hey sla aur koi kand karleta hey aur pharaar sala bahut hi kamina harami hey sala bache pati wala auraat ko kaise pahasakr gaand chaudna isko atta hey,11
dear Crime patrol director \u003cbr /\u003e\u003cbr /\u003eplease ap apne har episode Sanjeev Tyagi ko hi inspector cast kiya kro crime patrol dekhne ka maza dugna ho jata hai jab Sanjeev Tyagi ko dekhte hain,12
sala isss actor ka naam kya ya sala bahuthhi harami hey sala everytime sala bachha wala auraat ko pataletta hey sala \u003cbr /\u003eeverytime watch part everytime every case first get close daughter son sala usko maa ki chaudleta hey sla aur koi kand karleta hey aur pharaar sala bahut hi kamina harami hey sala bache pati wala auraat ko kaise pahasakr gaand chaudna isko atta hey,11
dear Crime patrol director \u003cbr /\u003e\u003cbr /\u003eplease ap apne har episode Sanjeev Tyagi ko hi inspector cast kiya kro crime patrol dekhne ka maza dugna ho jata hai jab Sanjeev Tyagi ko dekhte hain,12
sala isss actor ka naam kya ya sala bahuthhi harami hey sala everytime sala bachha wala auraat ko pataletta hey sala \u003cbr /\u003eeverytime watch part everytime every case first get close daughter son sala usko maa ki chaudleta hey sla aur koi kand karleta hey aur pharaar sala bahut hi kamina harami hey sala bache pati wala auraat ko kaise pahasakr gaand chaudna isko atta hey,11
dear Crime patrol director \u003cbr /\u003e\u003cbr /\u003eplease ap apne har episode Sanjeev Tyagi ko hi inspector cast kiya kro crime patrol dekhne ka maza dugna ho jata hai jab Sanjeev Tyagi ko dekhte hain,12
sala isss actor ka naam kya ya sala bahuthhi harami hey sala everytime sala bachha wala auraat ko pataletta hey sala \u003cbr /\u003eeverytime watch part everytime every case first get close daughter son sala usko maa ki chaudleta hey sla aur koi kand karleta hey aur pharaar sala bahut hi kamina harami hey sala bache pati wala auraat ko kaise pahasakr gaand chaudna isko atta hey,11
dear Crime patrol director \u003cbr /\u003e\u003cbr /\u003eplease ap apne har episode Sanjeev Tyagi ko hi inspector cast kiya kro crime patrol dekhne ka maza dugna ho jata hai jab Sanjeev Tyagi ko dekhte hain,12
tbh im kind sick seing sanjeev tyagi like every crime patrol satark episode / miss old days variety good inspectors anup soni well CP improved many ways put best Officer actors Crime patrol 100 episodes instead want back satark,7
sala isss actor ka naam kya ya sala bahuthhi harami hey sala everytime sala bachha wala auraat ko pataletta hey sala \u003cbr /\u003eeverytime watch part everytime every case first get close daughter son sala usko maa ki chaudleta hey sla aur koi kand karleta hey aur pharaar sala bahut hi kamina harami hey sala bache pati wala auraat ko kaise pahasakr gaand chaudna isko atta hey,11
dear Crime patrol director \u003cbr /\u003e\u003cbr /\u003eplease ap apne har episode Sanjeev Tyagi ko hi inspector cast kiya kro crime patrol dekhne ka maza dugna ho jata hai jab Sanjeev Tyagi ko dekhte hain,12
tbh im kind sick seing sanjeev tyagi like every crime patrol satark episode / miss old days variety good inspectors anup soni well CP improved many ways put best Officer actors Crime patrol 100 episodes instead want back satark,7
sala isss actor ka naam kya ya sala bahuthhi harami hey sala everytime sala bachha wala auraat ko pataletta hey sala \u003cbr /\u003eeverytime watch part everytime every case first get close daughter son sala usko maa ki chaudleta hey sla aur koi kand karleta hey aur pharaar sala bahut hi kamina harami hey sala bache pati wala auraat ko kaise pahasakr gaand chaudna isko atta hey,11
dear Crime patrol director \u003cbr /\u003e\u003cbr /\u003eplease ap apne har episode Sanjeev Tyagi ko hi inspector cast kiya kro crime patrol dekhne ka maza dugna ho jata hai jab Sanjeev Tyagi ko dekhte hain,12
tbh im kind sick seing sanjeev tyagi like every crime patrol satark episode / miss old days variety good inspectors anup soni well CP improved many ways put best Officer actors Crime patrol 100 episodes instead want back satark,7
sala isss actor ka naam kya ya sala bahuthhi harami hey sala everytime sala bachha wala auraat ko pataletta hey sala \u003cbr /\u003eeverytime watch part everytime every case first get close daughter son sala usko maa ki chaudleta hey sla aur koi kand karleta hey aur pharaar sala bahut hi kamina harami hey sala bache pati wala auraat ko kaise pahasakr gaand chaudna isko atta hey,11
dear Crime patrol director \u003cbr /\u003e\u003cbr /\u003eplease ap apne har episode Sanjeev Tyagi ko hi inspector cast kiya kro crime patrol dekhne ka maza dugna ho jata hai jab Sanjeev Tyagi ko dekhte hain,12
tbh im kind sick seing sanjeev tyagi like every crime patrol satark episode / miss old days variety good inspectors anup soni well CP improved many ways put best Officer actors Crime patrol 100 episodes instead want back satark,7
name places smj ati ha change krna case pora change kr dena reality change kr dena k hindu ko muslim bna k dikhana case total chnge kr dena ye kya treeka ha crime patrol team ka,9
sala isss actor ka naam kya ya sala bahuthhi harami hey sala everytime sala bachha wala auraat ko pataletta hey sala \u003cbr /\u003eeverytime watch part everytime every case first get close daughter son sala usko maa ki chaudleta hey sla aur koi kand karleta hey aur pharaar sala bahut hi kamina harami hey sala bache pati wala auraat ko kaise pahasakr gaand chaudna isko atta hey,11
dear Crime patrol director \u003cbr /\u003e\u003cbr /\u003eplease ap apne har episode Sanjeev Tyagi ko hi inspector cast kiya kro crime patrol dekhne ka maza dugna ho jata hai jab Sanjeev Tyagi ko dekhte hain,12
tbh im kind sick seing sanjeev tyagi like every crime patrol satark episode / miss old days variety good inspectors anup soni well CP improved many ways put best Officer actors Crime patrol 100 episodes instead want back satark,7
name places smj ati ha change krna case pora change kr dena reality change kr dena k hindu ko muslim bna k dikhana case total chnge kr dena ye kya treeka ha crime patrol team ka,9
stupid crime patrol team totally changed story case 21 atleast story b hindu ko muslim bna k pesh kr dia real mein 3 log aye drama mein aik bnda dikha dia kya bakwas ha,9
sala isss actor ka naam kya ya sala bahuthhi harami hey sala everytime sala bachha wala auraat ko pataletta hey sala \u003cbr /\u003eeverytime watch part everytime every case first get close daughter son sala usko maa ki chaudleta hey sla aur koi kand karleta hey aur pharaar sala bahut hi kamina harami hey sala bache pati wala auraat ko kaise pahasakr gaand chaudna isko atta hey,11
dear Crime patrol director \u003cbr /\u003e\u003cbr /\u003eplease ap apne har episode Sanjeev Tyagi ko hi inspector cast kiya kro crime patrol dekhne ka maza dugna ho jata hai jab Sanjeev Tyagi ko dekhte hain,12
tbh im kind sick seing sanjeev tyagi like every crime patrol satark episode / miss old days variety good inspectors anup soni well CP improved many ways put best Officer actors Crime patrol 100 episodes instead want back satark,7
name places smj ati ha change krna case pora change kr dena reality change kr dena k hindu ko muslim bna k dikhana case total chnge kr dena ye kya treeka ha crime patrol team ka,9
stupid crime patrol team totally changed story case 21 atleast story b hindu ko muslim bna k pesh kr dia real mein 3 log aye drama mein aik bnda dikha dia kya bakwas ha,9
real story mein 3 log cigrette mangnay pe bs murder kr k jaty hn hindu han victim k bhai ko zakhmi kia jata ha crime patrol mein story change kr di k aik muslim larka murder kr gya wo kisi muslim baba k behkanay pe,9
sala isss actor ka naam kya ya sala bahuthhi harami hey sala everytime sala bachha wala auraat ko pataletta hey sala \u003cbr /\u003eeverytime watch part everytime every case first get close daughter son sala usko maa ki chaudleta hey sla aur koi kand karleta hey aur pharaar sala bahut hi kamina harami hey sala bache pati wala auraat ko kaise pahasakr gaand chaudna isko atta hey,11
dear Crime patrol director \u003cbr /\u003e\u003cbr /\u003eplease ap apne har episode Sanjeev Tyagi ko hi inspector cast kiya kro crime patrol dekhne ka maza dugna ho jata hai jab Sanjeev Tyagi ko dekhte hain,12
tbh im kind sick seing sanjeev tyagi like every crime patrol satark episode / miss old days variety good inspectors anup soni well CP improved many ways put best Officer actors Crime patrol 100 episodes instead want back satark,7
name places smj ati ha change krna case pora change kr dena reality change kr dena k hindu ko muslim bna k dikhana case total chnge kr dena ye kya treeka ha crime patrol team ka,9
stupid crime patrol team totally changed story case 21 atleast story b hindu ko muslim bna k pesh kr dia real mein 3 log aye drama mein aik bnda dikha dia kya bakwas ha,9
real story mein 3 log cigrette mangnay pe bs murder kr k jaty hn hindu han victim k bhai ko zakhmi kia jata ha crime patrol mein story change kr di k aik muslim larka murder kr gya wo kisi muslim baba k behkanay pe,9
stupid crime patrol team totally changed story case 21 atleast story b hindu ko muslim bna k pesh kr dia real mein 3 log aye drama mein aik bnda dikha dia kya bakwas ha,9
sala isss actor ka naam kya ya sala bahuthhi harami hey sala everytime sala bachha wala auraat ko pataletta hey sala \u003cbr /\u003eeverytime watch part everytime every case first get close daughter son sala usko maa ki chaudleta hey sla aur koi kand karleta hey aur pharaar sala bahut hi kamina harami hey sala bache pati wala auraat ko kaise pahasakr gaand chaudna isko atta hey,11
dear Crime patrol director \u003cbr /\u003e\u003cbr /\u003eplease ap apne har episode Sanjeev Tyagi ko hi inspector cast kiya kro crime patrol dekhne ka maza dugna ho jata hai jab Sanjeev Tyagi ko dekhte hain,12
tbh im kind sick seing sanjeev tyagi like every crime patrol satark episode / miss old days variety good inspectors anup soni well CP improved many ways put best Officer actors Crime patrol 100 episodes instead want back satark,7
name places smj ati ha change krna case pora change kr dena reality change kr dena k hindu ko muslim bna k dikhana case total chnge kr dena ye kya treeka ha crime patrol team ka,9
stupid crime patrol team totally changed story case 21 atleast story b hindu ko muslim bna k pesh kr dia real mein 3 log aye drama mein aik bnda dikha dia kya bakwas ha,9
real story mein 3 log cigrette mangnay pe bs murder kr k jaty hn hindu han victim k bhai ko zakhmi kia jata ha crime patrol mein story change kr di k aik muslim larka murder kr gya wo kisi muslim baba k behkanay pe,9
stupid crime patrol team totally changed story case 21 atleast story b hindu ko muslim bna k pesh kr dia real mein 3 log aye drama mein aik bnda dikha dia kya bakwas ha,9
sala isss actor ka naam kya ya sala bahuthhi harami hey sala everytime sala bachha wala auraat ko pataletta hey sala \u003cbr /\u003eeverytime watch part everytime every case first get close daughter son sala usko maa ki chaudleta hey sla aur koi kand karleta hey aur pharaar sala bahut hi kamina harami hey sala bache pati wala auraat ko kaise pahasakr gaand chaudna isko atta hey,11
dear Crime patrol director \u003cbr /\u003e\u003cbr /\u003eplease ap apne har episode Sanjeev Tyagi ko hi inspector cast kiya kro crime patrol dekhne ka maza dugna ho jata hai jab Sanjeev Tyagi ko dekhte hain,12
tbh im kind sick seing sanjeev tyagi like every crime patrol satark episode / miss old days variety good inspectors anup soni well CP improved many ways put best Officer actors Crime patrol 100 episodes instead want back satark,7
name places smj ati ha change krna case pora change kr dena reality change kr dena k hindu ko muslim bna k dikhana case total chnge kr dena ye kya treeka ha crime patrol team ka,9
stupid crime patrol team totally changed story case 21 atleast story b hindu ko muslim bna k pesh kr dia real mein 3 log aye drama mein aik bnda dikha dia kya bakwas ha,9
real story mein 3 log cigrette mangnay pe bs murder kr k jaty hn hindu han victim k bhai ko zakhmi kia jata ha crime patrol mein story change kr di k aik muslim larka murder kr gya wo kisi muslim baba k behkanay pe,9
stupid crime patrol team totally changed story case 21 atleast story b hindu ko muslim bna k pesh kr dia real mein 3 log aye drama mein aik bnda dikha dia kya bakwas ha,9
sala isss actor ka naam kya ya sala bahuthhi harami hey sala everytime sala bachha wala auraat ko pataletta hey sala \u003cbr /\u003eeverytime watch part everytime every case first get close daughter son sala usko maa ki chaudleta hey sla aur koi kand karleta hey aur pharaar sala bahut hi kamina harami hey sala bache pati wala auraat ko kaise pahasakr gaand chaudna isko atta hey,11
dear Crime patrol director \u003cbr /\u003e\u003cbr /\u003eplease ap apne har episode Sanjeev Tyagi ko hi inspector cast kiya kro crime patrol dekhne ka maza dugna ho jata hai jab Sanjeev Tyagi ko dekhte hain,12
tbh im kind sick seing sanjeev tyagi like every crime patrol satark episode / miss old days variety good inspectors anup soni well CP improved many ways put best Officer actors Crime patrol 100 episodes instead want back satark,7
name places smj ati ha change krna case pora change kr dena reality change kr dena k hindu ko muslim bna k dikhana case total chnge kr dena ye kya treeka ha crime patrol team ka,9
stupid crime patrol team totally changed story case 21 atleast story b hindu ko muslim bna k pesh kr dia real mein 3 log aye drama mein aik bnda dikha dia kya bakwas ha,9
real story mein 3 log cigrette mangnay pe bs murder kr k jaty hn hindu han victim k bhai ko zakhmi kia jata ha crime patrol mein story change kr di k aik muslim larka murder kr gya wo kisi muslim baba k behkanay pe,9
stupid crime patrol team totally changed story case 21 atleast story b hindu ko muslim bna k pesh kr dia real mein 3 log aye drama mein aik bnda dikha dia kya bakwas ha,9
sala isss actor ka naam kya ya sala bahuthhi harami hey sala everytime sala bachha wala auraat ko pataletta hey sala \u003cbr /\u003eeverytime watch part everytime every case first get close daughter son sala usko maa ki chaudleta hey sla aur koi kand karleta hey aur pharaar sala bahut hi kamina harami hey sala bache pati wala auraat ko kaise pahasakr gaand chaudna isko atta hey,11
dear Crime patrol director \u003cbr /\u003e\u003cbr /\u003eplease ap apne har episode Sanjeev Tyagi ko hi inspector cast kiya kro crime patrol dekhne ka maza dugna ho jata hai jab Sanjeev Tyagi ko dekhte hain,12
tbh im kind sick seing sanjeev tyagi like every crime patrol satark episode / miss old days variety good inspectors anup soni well CP improved many ways put best Officer actors Crime patrol 100 episodes instead want back satark,7
name places smj ati ha change krna case pora change kr dena reality change kr dena k hindu ko muslim bna k dikhana case total chnge kr dena ye kya treeka ha crime patrol team ka,9
stupid crime patrol team totally changed story case 21 atleast story b hindu ko muslim bna k pesh kr dia real mein 3 log aye drama mein aik bnda dikha dia kya bakwas ha,9
real story mein 3 log cigrette mangnay pe bs murder kr k jaty hn hindu han victim k bhai ko zakhmi kia jata ha crime patrol mein story change kr di k aik muslim larka murder kr gya wo kisi muslim baba k behkanay pe,9
stupid crime patrol team totally changed story case 21 atleast story b hindu ko muslim bna k pesh kr dia real mein 3 log aye drama mein aik bnda dikha dia kya bakwas ha,9
